clip_id,video_name,event_id,foot_used,kicking_leg,outcome,target_zone,gk_guessed,n_frames,macro_zone,zone_name,gk_guessed_label,foot_used_label,foot_right,contact_kick_knee_angle,contact_supp_knee_angle,contact_kick_ankle_angle,contact_supp_ankle_angle,contact_kick_hip_angle,contact_kick_hip_angular_vel,contact_kick_angular_vel,contact_kick_ankle_angular_vel,contact_kick_angular_accel,contact_kick_foot_speed_ms,contact_running_speed_kmh,contact_trunk_inclination,contact_lateral_trunk_lean,contact_torso_torsion_angle,contact_left_elbow_angle,contact_right_elbow_angle,contact_mean_visibility_score,early_mean_kick_knee_angle,early_std_kick_knee_angle,early_max_kick_knee_angle,early_min_kick_knee_angle,early_mean_supp_knee_angle,early_std_supp_knee_angle,early_max_supp_knee_angle,early_min_supp_knee_angle,early_mean_kick_ankle_angle,early_std_kick_ankle_angle,early_max_kick_ankle_angle,early_min_kick_ankle_angle,early_mean_supp_ankle_angle,early_std_supp_ankle_angle,early_max_supp_ankle_angle,early_min_supp_ankle_angle,early_mean_kick_hip_angle,early_std_kick_hip_angle,early_max_kick_hip_angle,early_min_kick_hip_angle,early_mean_kick_hip_angular_vel,early_std_kick_hip_angular_vel,early_max_kick_hip_angular_vel,early_min_kick_hip_angular_vel,early_mean_kick_angular_vel,early_std_kick_angular_vel,early_max_kick_angular_vel,early_min_kick_angular_vel,early_mean_kick_ankle_angular_vel,early_std_kick_ankle_angular_vel,early_max_kick_ankle_angular_vel,early_min_kick_ankle_angular_vel,early_mean_kick_angular_accel,early_std_kick_angular_accel,early_max_kick_angular_accel,early_min_kick_angular_accel,early_mean_kick_foot_speed_ms,early_std_kick_foot_speed_ms,early_max_kick_foot_speed_ms,early_min_kick_foot_speed_ms,early_mean_running_speed_kmh,early_std_running_speed_kmh,early_max_running_speed_kmh,early_min_running_speed_kmh,early_mean_trunk_inclination,early_std_trunk_inclination,early_max_trunk_inclination,early_min_trunk_inclination,early_mean_lateral_trunk_lean,early_std_lateral_trunk_lean,early_max_lateral_trunk_lean,early_min_lateral_trunk_lean,early_mean_torso_torsion_angle,early_std_torso_torsion_angle,early_max_torso_torsion_angle,early_min_torso_torsion_angle,early_mean_left_elbow_angle,early_std_left_elbow_angle,early_max_left_elbow_angle,early_min_left_elbow_angle,early_mean_right_elbow_angle,early_std_right_elbow_angle,early_max_right_elbow_angle,early_min_right_elbow_angle,early_mean_mean_visibility_score,early_std_mean_visibility_score,early_max_mean_visibility_score,early_min_mean_visibility_score,mid_mean_kick_knee_angle,mid_std_kick_knee_angle,mid_max_kick_knee_angle,mid_min_kick_knee_angle,mid_mean_supp_knee_angle,mid_std_supp_knee_angle,mid_max_supp_knee_angle,mid_min_supp_knee_angle,mid_mean_kick_ankle_angle,mid_std_kick_ankle_angle,mid_max_kick_ankle_angle,mid_min_kick_ankle_angle,mid_mean_supp_ankle_angle,mid_std_supp_ankle_angle,mid_max_supp_ankle_angle,mid_min_supp_ankle_angle,mid_mean_kick_hip_angle,mid_std_kick_hip_angle,mid_max_kick_hip_angle,mid_min_kick_hip_angle,mid_mean_kick_hip_angular_vel,mid_std_kick_hip_angular_vel,mid_max_kick_hip_angular_vel,mid_min_kick_hip_angular_vel,mid_mean_kick_angular_vel,mid_std_kick_angular_vel,mid_max_kick_angular_vel,mid_min_kick_angular_vel,mid_mean_kick_ankle_angular_vel,mid_std_kick_ankle_angular_vel,mid_max_kick_ankle_angular_vel,mid_min_kick_ankle_angular_vel,mid_mean_kick_angular_accel,mid_std_kick_angular_accel,mid_max_kick_angular_accel,mid_min_kick_angular_accel,mid_mean_kick_foot_speed_ms,mid_std_kick_foot_speed_ms,mid_max_kick_foot_speed_ms,mid_min_kick_foot_speed_ms,mid_mean_running_speed_kmh,mid_std_running_speed_kmh,mid_max_running_speed_kmh,mid_min_running_speed_kmh,mid_mean_trunk_inclination,mid_std_trunk_inclination,mid_max_trunk_inclination,mid_min_trunk_inclination,mid_mean_lateral_trunk_lean,mid_std_lateral_trunk_lean,mid_max_lateral_trunk_lean,mid_min_lateral_trunk_lean,mid_mean_torso_torsion_angle,mid_std_torso_torsion_angle,mid_max_torso_torsion_angle,mid_min_torso_torsion_angle,mid_mean_left_elbow_angle,mid_std_left_elbow_angle,mid_max_left_elbow_angle,mid_min_left_elbow_angle,mid_mean_right_elbow_angle,mid_std_right_elbow_angle,mid_max_right_elbow_angle,mid_min_right_elbow_angle,mid_mean_mean_visibility_score,mid_std_mean_visibility_score,mid_max_mean_visibility_score,mid_min_mean_visibility_score,late_mean_kick_knee_angle,late_std_kick_knee_angle,late_max_kick_knee_angle,late_min_kick_knee_angle,late_mean_supp_knee_angle,late_std_supp_knee_angle,late_max_supp_knee_angle,late_min_supp_knee_angle,late_mean_kick_ankle_angle,late_std_kick_ankle_angle,late_max_kick_ankle_angle,late_min_kick_ankle_angle,late_mean_supp_ankle_angle,late_std_supp_ankle_angle,late_max_supp_ankle_angle,late_min_supp_ankle_angle,late_mean_kick_hip_angle,late_std_kick_hip_angle,late_max_kick_hip_angle,late_min_kick_hip_angle,late_mean_kick_hip_angular_vel,late_std_kick_hip_angular_vel,late_max_kick_hip_angular_vel,late_min_kick_hip_angular_vel,late_mean_kick_angular_vel,late_std_kick_angular_vel,late_max_kick_angular_vel,late_min_kick_angular_vel,late_mean_kick_ankle_angular_vel,late_std_kick_ankle_angular_vel,late_max_kick_ankle_angular_vel,late_min_kick_ankle_angular_vel,late_mean_kick_angular_accel,late_std_kick_angular_accel,late_max_kick_angular_accel,late_min_kick_angular_accel,late_mean_kick_foot_speed_ms,late_std_kick_foot_speed_ms,late_max_kick_foot_speed_ms,late_min_kick_foot_speed_ms,late_mean_running_speed_kmh,late_std_running_speed_kmh,late_max_running_speed_kmh,late_min_running_speed_kmh,late_mean_trunk_inclination,late_std_trunk_inclination,late_max_trunk_inclination,late_min_trunk_inclination,late_mean_lateral_trunk_lean,late_std_lateral_trunk_lean,late_max_lateral_trunk_lean,late_min_lateral_trunk_lean,late_mean_torso_torsion_angle,late_std_torso_torsion_angle,late_max_torso_torsion_angle,late_min_torso_torsion_angle,late_mean_left_elbow_angle,late_std_left_elbow_angle,late_max_left_elbow_angle,late_min_left_elbow_angle,late_mean_right_elbow_angle,late_std_right_elbow_angle,late_max_right_elbow_angle,late_min_right_elbow_angle,late_mean_mean_visibility_score,late_std_mean_visibility_score,late_max_mean_visibility_score,late_min_mean_visibility_score,delta_kick_knee_angle,delta_supp_knee_angle,delta_kick_ankle_angle,delta_supp_ankle_angle,delta_kick_hip_angle,delta_kick_hip_angular_vel,delta_kick_angular_vel,delta_kick_ankle_angular_vel,delta_kick_angular_accel,delta_kick_foot_speed_ms,delta_running_speed_kmh,delta_trunk_inclination,delta_lateral_trunk_lean,delta_torso_torsion_angle,delta_left_elbow_angle,delta_right_elbow_angle,delta_mean_visibility_score,deception_torsion,deception_lateral,deception_trunk,deception_score,knee_stability_index,elbow_asymmetry,max_running_speed_kmh,support_foot_x,support_foot_y,support_foot_distance,support_foot_angle_deg,support_foot_quadrant,clip_visibility
crop_AJA_PAN_UEL__event_2890ce3558aa4ce9bbc0757281495a6a__t0_37284,AJA_PAN_UEL.mp4,2890ce3558aa4ce9bbc0757281495a6a,left,left,saved,7,1,20,Left,7,Guessed,Left Foot,0,138.9509,,170.9157,137.8188,162.0521,424.2565,1308.3742,636.8488,25479.2674,5.2856,6.0979,2.2692,-2.2691,7.2763,163.0191,27.1446,0.7161,157.1651,14.6192,174.1758,131.8869,157.096,3.4369,163.328,152.7839,162.7653,15.8776,177.5942,133.0929,139.1273,13.6151,154.1687,120.5405,151.7678,10.0788,165.4555,140.4559,-111.7931,45.0839,-43.203,-189.0326,-78.3741,240.6503,286.1368,-312.2101,-97.5568,207.2313,203.4233,-440.6178,1543.3397,4534.0057,6781.3635,-4311.0418,2.8023,0.8686,4.0665,1.5576,1.7583,1.3065,3.6825,0.2652,19.2764,3.2808,22.5193,14.8282,19.2763,3.2808,22.5193,14.8282,1.91,1.9281,4.9491,0.1713,,,,,125.2401,23.7418,148.9831,78.3855,0.732,0.0049,0.741,0.7272,166.9119,10.0316,175.4932,149.0986,164.9108,13.1183,177.3419,141.0329,168.1583,7.8866,177.2403,155.1454,160.4892,10.3784,177.1529,144.6481,151.7454,18.7354,177.7869,132.9491,157.8384,165.4655,338.4689,-81.9513,65.4919,113.0277,240.8903,-58.7465,97.2071,167.7458,407.5951,-33.3742,-403.5071,1645.8772,2465.9228,-1898.0908,3.3259,1.2646,5.6164,1.7762,1.4871,2.4043,6.8798,0.267,17.0305,3.6012,21.6273,12.7313,17.0305,3.6013,21.6273,12.7313,7.7228,3.3841,10.6203,0.97,122.0937,23.3298,137.5822,83.938,74.4792,73.2074,173.5925,11.4814,0.7544,0.0158,0.7717,0.7333,143.0541,40.9728,174.2119,86.6159,121.9717,19.5295,141.5617,92.0438,158.9262,8.9045,170.9157,145.4417,122.2387,24.0633,140.6863,87.3077,151.894,10.1074,164.9742,140.1744,9.8327,277.3066,424.2565,-309.9979,317.0083,709.7407,1308.3742,-342.8046,71.6245,309.6614,636.8488,-168.9304,8712.4676,14174.0468,25479.2674,-4184.9569,3.9241,1.8582,5.9715,1.0959,5.2219,1.5848,7.3362,3.0931,5.6855,3.0902,10.4973,2.2692,4.9291,4.3799,10.4973,-2.2691,8.448,3.3993,13.1758,4.9596,147.2685,16.2689,167.6664,129.6933,143.4669,65.1062,177.2914,27.1446,0.7218,0.008,0.7364,0.7151,-14.1111,-35.1242,-3.8391,-16.8886,0.1262,121.6258,395.3824,169.1812,7169.1279,1.1218,3.4636,-13.5909,-14.3472,6.5381,,18.2268,-0.0102,6.5381,14.3472,13.5909,11.4921,21.6738,135.8745,7.3362,70.6393,3.0507,70.7051,2.4729,front-right,0.7367
crop_AJA_PAN_UEL__event_3ef21f05ec9c449ba204f34934548c52__t0_12987,AJA_PAN_UEL.mp4,3ef21f05ec9c449ba204f34934548c52,left,left,goal,7,1,20,Left,7,Guessed,Left Foot,0,163.2551,154.4466,118.1238,156.2123,171.0053,742.7826,-181.0003,-440.6036,-2707.864,11.4112,3.3966,0.1824,-0.1834,9.8995,135.0779,167.8604,0.8079,157.7593,8.6425,169.5446,146.9178,150.0617,6.6528,164.4534,145.352,166.9189,8.0391,177.4863,152.8665,146.2751,16.3848,174.2863,129.8844,152.9753,14.4058,168.6439,132.1348,-140.1068,69.663,-43.5596,-250.0153,40.3498,288.4335,498.8598,-282.8341,59.3197,142.458,221.2229,-187.397,-3028.9773,5850.8413,6350.646,-9771.173,3.9809,2.0205,6.5977,0.6423,3.7028,2.9001,7.8199,0.6591,20.3902,1.8071,22.8872,16.8887,20.3902,1.8071,22.8872,16.8887,3.5537,2.1484,6.2208,0.3897,97.7868,60.2656,155.8457,2.7228,96.1455,45.7473,161.5289,43.465,0.8144,0.0133,0.8337,0.7984,160.2242,13.7473,177.7294,143.7087,166.2154,11.5394,177.046,146.5778,161.0363,15.1018,175.1425,140.1088,154.7031,11.1736,171.7108,140.4477,152.251,16.5169,173.9956,128.4355,160.94,51.3056,221.8502,73.5853,107.1778,132.0929,258.1539,-110.2127,-19.5237,244.1985,375.5196,-397.9912,812.1889,3135.5052,4777.5388,-2941.4614,2.0174,0.8833,3.1151,0.671,3.3055,1.8845,5.8805,1.0615,15.3367,3.8597,21.3526,9.927,15.3367,3.8597,21.3526,9.927,4.772,4.2117,11.9175,0.6321,123.066,28.3495,147.147,82.8142,105.9432,77.5333,166.8226,8.238,0.8201,0.012,0.8329,0.8029,169.9474,6.1154,177.7351,163.2551,132.8322,18.7598,154.4466,106.0305,152.9864,22.4033,172.5304,118.1238,157.7586,5.0849,167.5185,153.5328,158.8564,16.3329,176.7011,138.4231,43.8025,440.1331,742.7826,-398.0507,-33.5944,117.4189,82.2596,-181.0003,-240.7894,240.3408,105.9801,-440.6036,-445.3832,2191.4477,1526.9693,-2707.864,4.1334,3.932,11.4112,0.5907,4.417,2.7659,8.5429,1.295,4.6849,3.5285,9.2368,0.1824,4.6239,3.6237,9.2368,-0.1834,12.3981,3.6067,15.8064,6.3373,139.8367,11.6507,154.0514,124.9086,160.5065,8.9866,170.0826,145.1716,0.8055,0.0022,0.8079,0.8027,12.1881,-17.2294,-13.9325,11.4834,5.8811,183.9093,-73.9441,-300.1091,2583.594,0.1525,0.7142,-15.7053,-15.7663,8.8444,42.05,64.3609,-0.009,8.8444,15.7663,15.7053,13.4387,18.3922,32.7825,8.5429,57.9348,-12.5229,59.2728,-12.1971,back-right,0.8137
crop_AJA_PAN_UEL__event_c0a4515612d247faba1b9da3b5e3cf4f__t0_36131,AJA_PAN_UEL.mp4,c0a4515612d247faba1b9da3b5e3cf4f,right,right,out,Out,0,20,Out,Out,Not Guessed,Right Foot,1,115.7448,172.5845,105.285,123.9149,73.7473,-856.4341,-247.9225,-813.7764,1005.3456,5.4533,14.6213,24.5005,24.5005,2.0383,4.8772,149.676,0.8316,102.4169,18.3727,130.6693,84.518,143.6445,15.9896,168.372,118.4391,126.6849,7.1551,137.5611,116.1516,152.097,12.9142,167.9421,132.7076,114.8862,14.7247,141.9017,103.0965,-143.3144,181.4391,105.6379,-360.656,10.2022,364.6308,439.0042,-575.4496,-34.8731,168.1919,221.9439,-202.8925,2808.438,5084.8104,6870.7883,-5859.2236,3.1848,1.8342,5.9009,1.0196,3.1053,0.3323,3.7133,2.6958,42.1274,1.3988,44.0655,39.9629,42.1274,1.3988,44.0655,39.9629,12.8625,5.6141,19.0224,5.6977,,,,,97.3344,13.5254,122.4749,84.6022,0.7963,0.0114,0.8135,0.784,150.9392,19.4029,172.3143,117.2596,132.3753,15.6266,151.9522,110.2728,126.1111,15.1171,144.2626,98.7492,136.9969,14.6116,157.6242,119.4869,139.196,24.0403,175.8192,114.6786,232.9362,115.7003,370.3012,69.0483,132.8501,195.9331,287.0001,-261.3117,102.5164,272.2687,535.219,-369.7695,-1798.4983,4748.6272,3959.1718,-9031.6629,4.5709,2.4656,7.611,0.5305,1.8566,1.1037,3.7847,0.8068,43.0966,0.5549,43.8554,42.2466,43.0966,0.5549,43.8554,42.2466,27.6894,14.9617,52.8076,7.5189,,,,,101.2071,12.3788,121.7992,87.9324,0.8368,0.0115,0.8473,0.8166,133.6744,16.2836,151.9297,115.7448,153.4129,16.4222,172.5845,130.3201,136.7521,20.024,157.5758,105.285,150.5884,14.8497,166.4265,123.9149,116.9827,34.2642,169.378,73.7473,-571.8486,285.1831,-102.4639,-856.4341,-186.2109,296.1165,172.134,-591.1167,-257.9574,305.7418,68.5326,-813.7764,2142.6689,4703.2845,9540.6336,-2374.0166,10.9105,8.9552,28.8345,5.4533,8.5714,3.9429,14.6213,2.7704,26.5227,6.6013,37.3379,19.2016,26.5227,6.6012,37.3378,19.2016,37.5655,50.073,110.7653,1.9683,4.8772,,4.8772,4.8772,154.7666,11.5245,167.3613,141.9244,0.8358,0.0131,0.8506,0.8159,31.2574,9.7684,10.0672,-1.5085,2.0965,-428.5342,-196.4131,-223.0843,-665.7692,7.7257,5.466,-15.6047,-15.6047,24.703,,57.4322,0.0395,24.703,15.6047,15.6047,18.6374,17.4545,144.7988,14.6213,151.9305,-26.2821,154.187,-9.8143,back-right,0.8224
crop_AJA_PAN_UEL__event_f26a1491a6d14160a51ddb39e4bf7571__t0_35140,AJA_PAN_UEL.mp4,f26a1491a6d14160a51ddb39e4bf7571,left,left,saved,6,1,20,Right,6,Guessed,Left Foot,0,163.4811,155.818,149.7907,,167.7618,696.4153,45.3777,-651.3943,-12855.3045,5.9195,2.8245,5.9925,-5.9925,15.2723,154.0743,149.7033,0.8266,160.8483,9.1553,173.9128,147.7581,162.9688,2.9695,166.1409,158.0286,175.8529,1.0821,177.4015,175.0266,151.0918,17.0304,176.6377,134.7503,157.015,7.7221,165.6164,148.3186,-68.8802,55.6657,-15.5243,-172.7205,-40.7978,174.8355,184.1812,-241.6792,-30.8094,66.9052,17.4221,-128.3957,736.0307,3010.3627,5323.2551,-1955.3065,0.989,0.7416,2.2533,0.3037,2.1737,1.2298,3.3426,0.4629,15.2339,1.1726,16.7487,13.3423,15.2339,1.1726,16.7487,13.3422,4.4126,1.0535,5.7423,2.8015,109.8784,27.8818,164.7648,90.8589,148.072,24.9741,175.185,111.5116,0.869,0.0118,0.8935,0.8587,170.5934,3.61,175.4529,165.7501,167.1564,11.3781,177.2184,147.4013,165.3171,4.0156,169.2548,159.1899,161.3733,6.7676,170.3197,151.4371,160.2942,12.7926,175.5341,145.5089,117.1661,95.2909,214.3063,-10.1175,31.7145,69.2128,98.8596,-88.9978,-73.5141,188.4637,125.8116,-388.6502,-1252.418,3077.1234,1694.1547,-7536.431,1.6345,0.7284,2.3757,0.3169,1.6143,1.722,5.3409,0.4802,14.108,2.4643,17.4288,10.5812,14.108,2.4643,17.4288,10.5812,1.9345,1.8978,5.8417,0.2874,95.8568,5.3329,101.548,86.3394,148.0472,23.3567,167.4634,109.0201,0.8318,0.0287,0.8675,0.8002,144.1625,46.0269,175.741,75.7619,143.2615,9.7565,155.818,126.056,134.4324,29.3633,175.8464,107.0708,154.597,7.8325,164.3388,147.8365,156.6111,14.6365,173.532,139.9052,31.9065,400.5958,696.4153,-321.11,-9.8453,459.0241,559.5899,-556.3799,72.0998,597.532,858.7794,-651.3943,-3190.1809,8146.8311,6974.8116,-12855.3045,4.6531,1.6489,6.9535,2.2922,5.4433,2.1888,8.4606,2.8245,5.8809,2.8481,9.6978,2.5648,3.0285,6.2135,9.6978,-5.9925,13.0559,5.1231,18.6074,4.4754,154.0519,18.5736,168.8649,122.3494,151.0099,6.4058,161.5926,142.7717,0.8168,0.0128,0.8282,0.7985,-16.6858,-19.7073,-41.4205,3.5052,-0.404,100.7867,30.9525,102.9092,-3926.2117,3.6641,3.2696,-9.353,-12.2054,8.6433,44.1735,2.9379,-0.0522,8.6433,12.2054,9.353,10.0672,13.2398,4.371,8.4606,72.1531,2.4315,72.1941,1.9301,front-right,0.8403
crop_ATl_LAz_COI__event_3fd6b212f87a4c88b04a95edc1c1948c__t0_6664,ATl_LAz_COI.mp4,3fd6b212f87a4c88b04a95edc1c1948c,left,left,saved,6,1,20,Right,6,Guessed,Left Foot,0,158.2167,147.558,146.9012,137.0589,112.071,-766.5203,-297.2919,131.3984,-2822.1512,4.9857,9.8482,0.6062,0.6063,24.9884,,20.2549,0.6434,138.3614,25.4682,172.1037,108.4788,159.2002,,159.2002,159.2002,130.005,15.1261,148.3344,106.0353,112.1264,,112.1264,112.1264,159.4556,18.333,176.8986,133.604,-146.8769,166.9982,89.2265,-359.5085,-213.1928,187.771,75.0276,-422.6539,-67.5792,284.5788,267.3072,-418.4811,795.1634,3445.7642,4930.3579,-3143.3129,2.7784,1.9823,5.6656,0.7844,2.8961,1.7991,4.9288,0.8255,26.5738,2.1343,28.6131,22.5375,-26.5738,2.1343,-22.5375,-28.6131,6.0001,4.507,12.232,0.6741,,,,,,,,,0.6478,0.0136,0.6747,0.6383,145.5793,18.0882,164.8735,114.481,150.5988,11.8194,164.0713,133.8067,113.1346,12.3205,131.2501,99.213,136.1867,17.972,158.586,107.7336,153.5603,18.1127,176.0379,127.235,116.2396,191.216,270.3563,-174.6187,135.3448,178.4514,341.2807,-194.6259,116.2045,273.9161,504.871,-334.1559,-2291.9149,4770.5384,3328.1648,-11656.8792,2.7019,1.8686,6.1172,0.6139,1.9513,0.8443,3.3816,0.5718,16.8329,4.6683,20.6753,8.3206,-16.8329,4.6683,-8.3206,-20.6753,5.3367,2.4219,9.7228,2.2566,151.6041,14.495,171.0763,132.5489,,,,,0.7025,0.0054,0.7079,0.6915,144.888,28.8174,172.9691,96.9383,157.7764,9.3488,167.6779,146.2237,149.9453,20.98,177.9987,122.1813,155.0802,16.0161,171.6613,134.328,146.1392,20.8281,163.1221,112.071,-300.0813,318.6521,-9.2844,-766.5203,-4.2836,637.1459,950.3858,-849.1897,58.7618,434.1715,697.7182,-388.7186,700.7199,13288.6302,22494.6928,-14184.8958,6.7689,8.0643,22.5826,0.7134,7.2728,2.2252,9.8482,4.2947,3.9529,2.3227,6.6313,0.6062,2.597,4.0066,6.6313,-4.0679,24.984,15.5381,44.1608,0.747,125.2674,66.6582,172.4019,78.133,42.6893,15.4715,57.0279,20.2549,0.6594,0.0136,0.6781,0.6434,6.5267,-1.4238,19.9403,42.9538,-13.3164,-153.2044,208.9092,126.341,-94.4435,3.9905,4.3766,-22.6209,29.1708,18.9839,,,0.0117,18.9839,29.1708,22.6209,23.5919,10.6251,,9.8482,-219.0142,64.0959,228.2006,163.6875,front-left,0.6704
crop_COV_MUn_FAC__event_5db69e5271d34acda032131f5d10c9c1__t0_16982,COV_MUn_FAC.mp4,5db69e5271d34acda032131f5d10c9c1,left,left,goal,6,0,20,Right,6,Not Guessed,Left Foot,0,147.0589,151.8869,173.6681,115.65,171.0038,687.7914,-111.3071,25.8343,-7994.1463,10.9268,4.98,8.717,8.717,2.8048,157.4911,160.3608,0.7953,163.9573,8.9334,174.782,151.6188,148.107,6.9908,162.0926,140.4633,166.3126,7.6314,176.0103,151.89,135.1675,5.7846,144.5787,126.7089,160.3604,10.4374,171.7836,146.8532,-88.3839,68.3621,-24.7173,-207.4839,-24.8854,164.4232,223.2489,-197.4739,-56.6226,134.982,180.5061,-220.9047,746.3152,2572.8451,5259.0346,-1530.7641,1.5075,1.696,4.9559,0.1278,3.0106,2.0154,5.7163,0.4657,7.9721,3.7789,12.7847,2.1593,7.9721,3.7788,12.7847,2.1594,2.8993,2.4969,6.4994,0.3887,,,,,156.4937,9.8875,163.4852,149.5021,0.7418,0.0205,0.7721,0.7191,175.9045,3.561,177.7288,169.5523,171.0614,2.919,174.3342,166.8611,160.0551,9.8856,170.0089,144.0244,166.4265,7.0009,177.3142,155.7098,162.7979,10.3299,174.1677,148.2077,87.2182,103.8649,158.8791,-113.1974,34.5507,60.8279,100.7877,-22.1788,76.0291,127.1245,259.9884,-98.3198,-432.0278,179.5526,-188.1305,-670.8678,1.683,0.8087,2.5366,0.6525,1.7864,0.5517,2.9309,1.3241,9.7564,1.1035,11.9078,8.3351,9.7564,1.1035,11.9078,8.3351,5.2364,1.1151,7.0178,3.561,159.1164,8.1898,167.8313,144.206,79.0728,46.5262,156.1549,44.0681,0.7821,0.0047,0.79,0.7744,151.9248,19.5741,175.2718,130.3822,152.4538,7.7637,164.2716,143.1964,173.8076,1.7589,176.825,172.4958,142.3027,21.8659,173.0966,115.65,152.7739,12.7983,171.0038,139.2753,64.6338,391.8083,687.7914,-256.8148,-131.9482,345.3616,234.815,-552.7079,9.9988,41.4811,61.8857,-52.3785,-1002.2429,8255.3838,9582.9821,-7994.1463,5.06,3.1713,10.9268,1.7939,4.3469,1.8975,6.3139,0.9146,8.2856,1.4042,9.8007,6.2096,8.2856,1.4042,9.8007,6.2095,9.2703,4.8139,16.7547,2.8048,157.6897,1.8972,160.0689,155.1311,134.4497,47.5309,160.3608,63.1955,0.8018,0.0049,0.809,0.7953,-12.0325,4.3467,7.4949,7.1352,-7.5864,153.0177,-107.0629,66.6214,-1748.5581,3.5525,1.3363,0.3135,0.3135,6.371,,-22.0439,0.06,6.371,0.3135,0.3135,2.3327,11.7845,2.8697,6.3139,160.5877,19.7089,161.7926,6.9969,front-right,0.7739
crop_DUN_FAL_SCU__event_7ad125c43acc450b8639761bbfb2f3ba__t0_5329,DUN_FAL_SCU.mp4,7ad125c43acc450b8639761bbfb2f3ba,right,right,goal,5,1,20,Center,5,Guessed,Right Foot,1,174.2219,164.7186,99.0372,100.5332,151.8522,347.4388,647.8409,278.3937,-3727.7913,4.5607,6.8608,8.2349,-8.2349,20.3942,,171.8202,0.8395,156.5439,6.0142,166.0734,150.3456,162.1148,5.5581,171.2302,155.4087,144.2706,8.8356,156.3123,132.0522,155.1054,4.3732,163.0605,150.2991,168.7138,8.6758,177.6404,155.1349,-81.7107,62.6046,27.2667,-145.8471,-68.2682,44.6794,1.7662,-148.0932,-52.5058,104.5722,124.1402,-164.4024,-33.4256,1146.8027,1873.2429,-1946.5303,2.2058,1.7489,4.6772,0.0239,2.3615,1.5981,5.3726,0.9258,15.7108,3.553,19.8415,10.6452,15.7107,3.553,19.8415,10.6452,1.4871,1.2884,3.4359,0.0198,,,,,170.3105,3.9996,175.8329,165.4967,0.8232,0.0033,0.8275,0.818,150.284,2.7184,153.428,146.3802,162.8421,7.5838,176.3327,156.1067,140.5283,5.7761,151.91,134.8607,167.4154,2.7151,170.2869,161.9477,162.0464,7.6687,172.7708,151.116,74.8112,36.6178,99.4976,-4.7533,4.2758,47.7835,51.4013,-90.0391,72.7366,115.0146,205.051,-101.8337,-1041.9221,2898.8013,998.9929,-7341.5482,1.1442,0.5683,2.0847,0.5135,2.0891,1.2808,3.5894,0.4295,6.2274,1.0078,7.6732,4.4695,6.2274,1.0078,7.6732,4.4695,3.6732,1.8878,6.7131,0.9436,174.5032,,174.5032,174.5032,146.7365,38.0151,174.8906,87.3138,0.8068,0.0138,0.8305,0.7912,133.9917,26.3822,174.2219,107.4473,172.6858,6.1088,177.8421,164.7186,121.7037,27.1845,157.1469,87.9014,143.7777,32.1399,176.7479,100.5332,152.0345,21.3117,177.978,125.2512,-89.3759,438.5759,347.4388,-659.0854,156.7441,548.8008,796.9525,-574.7584,-208.0142,296.1378,278.3937,-589.3133,3773.6825,6030.9909,9490.2885,-3727.7913,3.7883,2.78,8.1351,0.5494,5.3434,2.1135,7.4169,2.006,5.7991,3.0033,8.2349,0.5117,-5.6286,3.3703,0.5116,-8.2349,18.7202,3.1832,22.3565,13.0521,174.5988,2.549,176.6957,171.4456,171.2759,1.0598,172.0666,169.7261,0.846,0.0066,0.8544,0.8394,-22.5522,10.5709,-22.567,-11.3277,-16.6792,-7.6653,225.0123,-155.5084,3807.1081,1.5825,2.9819,-9.9116,-21.3393,17.2331,,0.9654,0.0227,17.2331,21.3393,9.9116,16.1614,7.5474,,7.4169,266.9462,8.8161,267.0917,1.8915,front-right,0.8243
crop_ENG_COMP__event_1cdf4ffea2d746038ea98836945dea8f__t0_7486,ENG_COMP.mp4,1cdf4ffea2d746038ea98836945dea8f,left,left,goal,7,0,20,Left,7,Not Guessed,Left Foot,0,106.91,165.1811,,171.4292,125.3069,-430.8228,-1430.674,,-14421.2627,6.8754,4.8419,10.608,-10.608,20.7258,174.753,173.9144,0.7437,144.8411,28.7723,176.9269,108.3922,167.6203,2.959,172.7482,164.78,159.3651,13.9926,175.7165,143.3419,159.6122,4.9769,166.9848,153.5389,134.5726,13.7013,152.7079,113.4538,-66.0944,238.3614,373.0954,-291.3648,-140.238,472.1272,479.2805,-736.2945,68.1067,323.3622,404.6827,-268.5137,1886.8906,8884.3108,13341.9561,-7827.9752,10.8395,27.2828,72.7011,0.0,2.4753,0.8456,4.0924,1.9161,4.2887,0.8242,5.5979,2.9447,4.2888,0.8242,5.5979,2.9447,8.8987,0.5629,9.7094,8.0547,145.5572,5.1445,152.978,137.8451,,,,,0.7617,0.0159,0.7818,0.738,167.6802,10.2271,176.4029,146.7346,165.6874,6.2702,173.4141,154.4199,166.2815,9.9723,175.935,151.1231,162.6647,8.4098,177.4087,155.0731,161.578,10.7304,172.3458,143.3014,119.2613,94.9976,262.9187,-17.8267,121.1086,140.5963,348.7007,-26.5026,-12.3667,205.637,216.7083,-307.5066,-1583.5547,1392.6712,492.3463,-3622.005,1.313,1.2297,3.9299,0.2233,2.1553,1.8422,4.5735,0.2232,1.7748,1.2762,4.2561,0.441,1.7748,1.2762,4.2561,0.4409,3.8691,2.5651,7.3803,0.1813,154.691,18.5736,170.5228,126.6082,,,,,0.7884,0.0114,0.8005,0.7678,159.8329,26.3864,177.072,106.91,151.0022,7.3946,165.1811,145.5162,154.7075,12.0278,170.5968,141.6541,171.423,5.1014,176.6667,164.8391,156.3915,19.4025,177.3363,125.3069,-227.0182,194.1916,73.8298,-430.8228,-403.9329,604.199,89.7625,-1430.674,-128.3065,219.483,121.8529,-395.1477,-7040.3938,8455.8154,1961.7033,-17337.9803,3.4032,2.2363,6.8754,0.6571,5.4985,0.9002,6.7117,4.5264,4.8887,3.1777,10.608,1.145,-1.2442,6.0762,5.6345,-10.608,17.8327,8.4022,26.9053,5.5797,161.6786,19.633,174.9597,123.4879,175.4681,1.373,176.5184,173.9144,0.7469,0.0121,0.7687,0.7332,14.9918,-16.6182,-4.6576,11.8108,21.819,-160.9238,-263.6949,-196.4132,-8927.2844,-7.4364,3.0232,0.6,-5.5329,8.934,16.1214,,-0.0148,8.934,5.5329,0.6,5.0223,9.2792,0.8386,6.7117,16.2821,51.4926,54.0055,72.4529,front-right,0.7666
crop_ENG_COMP__event_1d5cdbbb977a4ba492ea5b4ad699b65e__t0_17208,ENG_COMP.mp4,1d5cdbbb977a4ba492ea5b4ad699b65e,right,right,goal,9,0,20,Right,9,Not Guessed,Right Foot,1,132.4073,158.5851,102.0901,118.5172,129.8733,51.8227,937.2385,-280.6398,9659.3976,4.9071,6.8782,9.3506,-9.3506,21.0298,,,0.7597,132.5461,22.3805,160.6353,103.9443,170.9468,5.9071,176.1048,160.4995,122.4207,13.0596,139.2743,103.1035,135.9225,18.3146,162.589,114.1615,148.372,6.4051,158.2852,141.2961,-6.7241,138.7343,165.2304,-197.5559,164.9666,182.1615,388.5119,-130.1466,-116.5427,342.9634,452.1348,-601.6361,735.4939,4370.7355,6483.2318,-3833.9758,2.6844,1.9407,6.346,0.7752,4.028,1.5645,6.4286,1.8365,19.0283,2.9098,22.103,14.4092,19.0283,2.9098,22.103,14.4092,6.5685,4.1235,11.02,0.573,,,,,142.1525,11.8857,154.9178,118.7387,0.7841,0.0083,0.7916,0.7662,157.1787,6.12,168.0459,150.744,149.4855,14.2678,174.9363,133.8703,107.02,11.401,132.0865,98.7857,135.2026,18.1886,167.4124,116.8887,167.0762,8.5547,177.8877,155.5654,60.0771,112.0928,186.2034,-127.1281,-103.4891,320.0499,140.411,-790.4747,56.5197,160.4646,388.3745,-84.114,-2674.3562,5442.1152,2459.5523,-11380.4317,1.4717,0.5972,2.7141,0.9366,2.6899,1.6972,6.3486,1.3985,11.4745,3.3358,15.5312,4.9713,11.4745,3.3358,15.5311,4.9713,3.8828,2.771,8.8432,0.7644,170.5788,2.048,172.0269,169.1306,140.2628,56.3067,171.3595,55.8622,0.7522,0.0117,0.7748,0.7383,101.7196,18.4484,132.4073,88.1266,166.8653,6.6182,175.3742,158.5851,106.5434,7.3678,113.3157,93.9818,147.4457,17.0168,166.3521,118.5172,146.8898,17.5361,167.991,127.8004,-156.3185,161.8448,51.8227,-376.0256,110.3968,676.5687,937.2385,-812.4897,-107.9914,211.7243,241.6739,-305.1216,8932.6413,1420.5155,10670.8986,7291.0064,5.4975,3.968,13.1441,2.148,4.5857,1.6334,6.8782,2.9605,6.8711,4.6848,13.4066,0.7533,-4.4883,7.3775,6.3952,-13.4066,21.2617,15.0565,46.9019,0.0485,139.9952,28.7919,159.6114,97.453,170.1159,6.5194,177.515,161.4514,0.7794,0.0142,0.7946,0.7597,-30.8265,-4.0815,-15.8773,11.5233,-1.4821,-149.5944,-54.5699,8.5513,8197.1474,2.8131,0.5577,-12.1572,-23.5165,14.6932,,27.9634,-0.0046,14.6932,23.5165,12.1572,16.789,13.6062,,6.8782,265.372,-70.9761,274.6997,-14.9738,back-right,0.7715
crop_ENG_COMP__event_29e1450413524fd7be45c33d30eb4b07__t0_18437,ENG_COMP.mp4,29e1450413524fd7be45c33d30eb4b07,left,left,saved,8,1,20,Center,8,Guessed,Left Foot,0,,161.1084,128.2305,118.817,135.7837,343.9749,,169.8219,,11.8529,2.7583,8.2281,8.2281,8.9524,170.3341,145.172,0.6823,150.0995,6.0623,157.0034,142.3829,138.4999,17.1986,163.8393,115.2788,104.7847,1.7517,106.6248,102.3825,107.8749,7.727,116.4832,95.7618,164.2405,9.898,173.4688,148.302,111.226,55.2999,173.505,39.6158,-21.5046,180.8549,165.436,-338.039,43.482,117.5097,298.272,-53.0292,2197.0899,3154.4536,5883.4028,-3006.2389,5.7986,6.7959,15.6648,0.6018,3.1489,2.3366,6.0865,0.4595,15.7596,3.8191,19.3549,9.4099,-15.7596,3.8191,-9.4099,-19.3549,5.625,5.1012,16.6512,1.3271,127.2836,28.2621,166.1821,81.8627,,,,,0.752,0.011,0.7652,0.7355,158.8112,7.5781,170.2383,150.8655,144.9057,23.4707,176.3724,99.9868,129.4005,18.0845,157.7371,102.822,149.478,20.1974,176.4845,121.1035,153.8522,23.1652,176.638,110.4371,-206.9869,157.9069,4.9259,-465.1718,11.6914,121.7525,160.817,-141.2066,181.2465,301.0049,534.3023,-307.5441,64.6216,2969.5254,4194.1738,-3461.3228,15.373,10.3595,25.4704,2.8784,3.4249,2.7243,8.0561,0.527,4.8664,4.2664,11.8141,0.0485,-3.949,5.2571,2.255,-11.8141,6.2871,5.2852,16.3518,0.3774,138.7854,42.3777,177.132,85.6729,167.9922,4.3834,171.733,160.7549,0.7028,0.0128,0.7217,0.691,130.6023,47.9774,171.2022,58.3957,172.0248,6.1076,175.0776,161.1084,148.0833,24.2389,174.3189,121.4377,155.9219,19.3222,171.3152,118.817,147.2283,18.8159,169.966,122.0247,-51.7524,326.1154,343.9749,-379.9571,-507.6094,553.513,194.3274,-1198.4732,-199.6414,316.4626,169.8219,-625.6336,-3798.2032,9395.5647,7705.0591,-13433.1805,4.7106,3.745,11.8529,1.6472,2.496,0.6587,2.9711,1.6523,5.989,3.9816,11.6448,1.5353,5.9889,3.9816,11.6448,1.5353,15.5792,18.7941,51.3755,1.2669,162.3714,4.3803,170.3341,157.399,146.7089,11.8448,163.6718,129.8835,0.3386,0.371,0.6823,0.0,-19.4972,33.5249,43.2986,48.047,-17.0122,-162.9783,-486.1048,-243.1234,-5995.2931,-1.088,-0.6528,-9.7706,21.7485,9.9543,35.0878,,-0.4133,9.9543,21.7485,9.7706,13.8245,22.0607,25.1621,8.0561,-284.2479,-17.0802,284.7606,-176.5613,back-left,0.6108
crop_ENG_COMP__event_7376bd0d0865438587744960dfdf200b__t0_3972,ENG_COMP.mp4,7376bd0d0865438587744960dfdf200b,right,right,goal,6,0,20,Right,6,Not Guessed,Right Foot,1,149.3193,168.0013,137.2346,147.5366,134.227,-80.7957,1309.2879,821.6671,10396.9631,1.2089,4.4525,2.6537,2.6536,72.2255,129.3319,160.5134,0.8257,161.5922,12.0314,175.4699,143.9894,166.6763,13.9796,176.676,139.6113,133.0866,9.8251,150.3424,118.7996,138.7693,9.1247,156.7205,130.4323,166.6214,2.1419,169.1643,162.9284,31.7881,62.4511,155.8964,-39.5477,-83.4431,373.0965,253.3998,-787.0125,-141.5522,154.2568,10.2182,-430.5477,3477.5778,6616.0077,12789.5284,-2996.4972,3.2362,2.2983,5.9839,0.7239,3.4013,1.2239,5.464,1.7927,13.9171,1.961,16.7238,10.5551,-13.9171,1.961,-10.5551,-16.7238,4.2948,1.9386,6.4589,1.3413,67.5241,9.7963,75.8104,51.8545,139.915,65.1021,171.6699,23.5539,0.8636,0.0127,0.8817,0.8506,151.6744,25.8052,168.4767,107.7918,151.909,16.0047,177.063,131.8338,115.4464,6.6992,125.8281,107.7408,135.2869,7.6767,149.0545,124.8347,173.0162,3.2859,177.1668,169.4392,29.4439,49.1553,96.5948,-24.7462,-230.1738,311.8307,41.6718,-725.109,43.3845,244.1274,485.961,-226.0914,-1106.0858,5341.7929,4205.6859,-9094.3968,2.7362,1.7421,4.7341,0.4611,1.2835,0.9477,2.9782,0.3491,15.0736,3.4888,17.5916,8.4031,-15.0736,3.4888,-8.4031,-17.5916,2.4872,1.4824,4.7662,0.8729,59.7082,18.3106,96.7341,46.9907,173.9281,2.5674,176.9725,170.7813,0.8795,0.0112,0.8942,0.8631,85.7138,46.4955,149.3193,44.5763,170.7514,5.9577,177.3083,161.1501,113.4388,39.2676,155.192,71.5013,155.8633,10.437,166.1433,142.2112,155.0793,16.7413,174.2001,134.227,-171.5388,100.675,-16.5956,-279.1037,178.281,893.2722,1309.2879,-570.4738,137.6077,598.0664,821.6671,-637.6048,9670.5385,8647.0483,18298.5397,-2272.746,10.0071,8.7267,19.4499,1.1729,3.4457,1.488,5.2498,1.4311,3.9461,2.4432,7.7402,0.3286,2.3926,4.2173,7.7402,-4.6602,39.6484,22.4907,72.2255,10.9488,108.5824,16.291,129.3319,87.8598,159.8296,6.4059,170.335,152.5928,0.8546,0.0241,0.889,0.8257,-75.8785,4.0751,-19.6478,17.0939,-11.5421,-203.3269,261.7241,279.1599,6192.9607,6.7709,0.0444,-9.971,16.3097,35.3536,41.0583,19.9146,-0.0091,35.3536,16.3097,9.971,20.5448,14.8882,31.1815,5.464,-162.4179,-70.1396,176.9156,-156.6431,back-left,0.8665
crop_ENG_COMP__event_feec7dcde8474d75bb9ace2cd203d7bf__t0_18668,ENG_COMP.mp4,feec7dcde8474d75bb9ace2cd203d7bf,right,right,goal,3,1,20,Right,3,Guessed,Right Foot,1,173.644,177.1956,135.0858,131.1119,148.407,-16.3593,-7.2071,-134.3815,-699.2388,4.9394,19.0707,20.2369,20.2369,10.0348,173.2102,82.8296,0.816,86.88,25.483,125.2769,64.9359,135.5439,24.2562,169.7805,101.6946,121.1252,12.0309,133.7321,97.7895,116.608,24.063,146.1049,84.5314,99.1396,11.4812,114.7454,86.9582,9.2611,357.2211,615.9457,-335.6848,117.5344,292.5839,461.1991,-173.8149,-45.9633,249.632,357.9952,-371.1027,1359.0841,3787.4927,6034.2872,-3620.8397,8.0932,7.223,21.6968,0.8853,5.621,2.2514,8.4371,2.0726,31.8868,1.9272,34.6193,29.6618,31.8868,1.9272,34.6193,29.6618,55.8619,67.8659,167.6371,2.038,92.6467,57.2929,177.3684,26.2475,130.1424,19.2841,163.5265,103.2601,0.8583,0.0076,0.8693,0.8475,137.0551,16.1187,161.2179,116.8819,143.0638,16.1259,167.1073,121.5274,121.4108,19.3403,142.2686,82.2254,100.9886,15.6276,132.4989,86.2464,152.8311,18.1663,177.8452,132.31,-52.9863,285.1356,336.3934,-396.5796,-27.1463,291.3831,391.0727,-361.939,102.7064,443.5706,750.5404,-554.4395,738.8516,5502.2004,8386.7431,-6668.3877,6.7553,8.1611,22.7506,0.0174,3.4076,1.6106,6.9421,2.4002,31.6507,0.7131,32.351,30.6135,31.6506,0.7131,32.351,30.6135,33.8495,48.4664,140.1746,1.6605,27.8474,12.0546,43.4421,8.6285,136.1017,17.136,155.7125,106.2599,0.8544,0.0121,0.8688,0.8389,166.6536,11.7161,173.9323,143.2674,170.6602,4.7767,177.1956,167.0093,152.1231,15.3891,173.9786,135.0858,140.3733,14.8465,160.6631,124.8136,150.9808,5.611,162.1734,146.9313,3.4922,114.0304,182.7667,-168.7319,115.7598,136.2012,328.496,-7.2071,-84.7887,267.8994,396.3743,-407.2794,-1080.962,1600.7099,1178.3338,-3421.0086,9.1117,5.3079,18.7531,3.863,18.1818,6.2143,23.4889,7.3348,17.7348,1.6782,20.2369,15.9566,17.7348,1.6782,20.2369,15.9566,7.5377,4.8712,13.7985,0.4715,115.263,52.0498,173.2102,69.5945,69.4985,21.0629,87.0001,45.4765,0.6883,0.3374,0.8403,0.0,79.7736,35.1163,30.9979,23.7653,51.8412,-5.7689,-1.7746,-38.8254,-2440.0461,1.0185,12.5608,-14.152,-14.152,-48.3243,22.6163,-60.6439,-0.1701,48.3243,14.152,14.152,25.5428,21.9452,90.3806,23.4889,-2.5382,142.0088,142.0315,91.024,front-left,0.8059
crop_Ita_Eng_euro2020__event_58527fc8309f4698a7628420776fcfce__t0_1260,Ita_Eng_euro2020.mp4,58527fc8309f4698a7628420776fcfce,right,right,post,7,0,20,Left,7,Not Guessed,Right Foot,1,103.65,167.3961,112.2792,111.8838,111.05,-668.9257,-1129.1891,-242.3058,-15368.4115,6.4114,6.3381,13.8055,13.8055,24.5888,37.7578,152.2961,0.7702,152.4922,6.5365,158.6617,141.0149,165.9891,1.8137,168.0406,162.9823,109.1585,11.716,121.7779,94.0323,127.4356,9.1954,145.5051,118.7392,161.6116,3.0382,164.7422,156.688,30.6443,24.4706,55.8403,-11.5953,40.2295,128.639,201.2573,-110.2539,-83.8964,117.2764,47.5109,-245.8831,-642.2537,1583.544,2026.2074,-2274.1199,0.7631,0.4053,1.1595,0.2545,1.0531,0.3979,1.3524,0.2071,13.2941,0.7186,14.1507,12.1185,13.2941,0.7186,14.1507,12.1185,4.5667,0.5319,5.2454,3.8697,80.0279,,80.0279,80.0279,128.7042,3.1721,133.2795,123.8116,0.7781,0.002,0.7809,0.7757,161.6553,8.4914,170.9269,147.6518,156.323,5.0979,161.1037,147.142,120.324,18.0114,145.4361,97.8711,148.2817,19.9123,170.6882,106.8263,172.8886,4.4151,176.5178,164.8906,25.5829,85.3406,133.9716,-85.0861,36.4455,134.9255,150.6224,-218.634,151.9042,149.4954,393.3148,-112.6244,-1093.0501,2628.8495,2918.7226,-4455.3304,0.9611,0.3295,1.4038,0.5738,1.592,0.7338,2.2271,0.2663,14.058,1.311,15.177,11.2891,14.058,1.311,15.177,11.2891,3.4541,1.8407,6.67,0.6927,94.2746,3.4566,98.1517,88.9025,67.4488,38.3587,128.6996,6.1755,0.7828,0.0056,0.7871,0.771,131.1906,21.6503,152.4222,103.65,170.5338,6.3011,176.5385,159.7994,124.9689,10.0111,136.8673,112.2792,149.6457,23.123,171.1716,111.8838,155.1956,25.4262,173.5639,111.05,-305.3155,339.019,51.8156,-690.5837,-324.5214,590.0562,536.1225,-1129.1891,-129.3822,209.048,244.1395,-307.3508,-4645.7789,13285.083,13966.291,-20816.3953,4.5085,1.9554,6.4114,2.1673,4.7659,1.4596,6.4848,3.154,6.5394,3.9857,13.8055,2.592,6.5394,3.9857,13.8055,2.592,16.1624,10.3812,30.047,1.7469,70.5187,17.855,87.5044,37.7578,162.2192,8.4327,173.1309,152.2961,0.7708,0.0071,0.7793,0.7624,-21.3016,4.5447,15.8104,22.21,-6.416,-335.9598,-364.7509,-45.4858,-4003.5252,3.7454,3.7128,-6.7547,-6.7547,11.5957,-9.5092,33.515,-0.0073,11.5957,6.7547,6.7547,8.3684,7.5064,114.5383,6.4848,70.9002,21.4592,74.0766,16.8394,front-right,0.7775
crop_MAC_MUn_CoS__event_02bfd6a7e9bf458f8f830490672c1b5c__t0_7010,MAC_MUn_CoS.mp4,02bfd6a7e9bf458f8f830490672c1b5c,right,right,goal,4,0,20,Left,4,Not Guessed,Right Foot,1,130.4984,139.3908,138.1417,131.2814,127.5794,360.1433,695.0127,908.6018,-24.4117,2.6418,5.0618,5.3168,-5.3168,22.5238,,172.5766,0.8298,127.7571,21.2699,150.1378,94.4884,125.2082,14.5364,146.4933,112.7638,134.5417,23.2407,158.2375,94.7366,117.9758,18.9868,143.0552,93.1067,140.4013,11.3114,153.2886,121.8382,-69.7403,303.6504,375.5628,-556.3509,-239.7545,489.7699,490.6738,-1043.5577,231.1223,343.6696,671.2568,-221.7421,5322.3116,12316.7951,21625.4282,-10873.9328,1.7167,0.9806,2.9201,0.7913,3.8928,1.6575,5.9191,0.8321,34.977,2.095,38.6457,32.4894,34.977,2.095,38.6456,32.4894,23.1583,26.3187,65.8657,0.705,,,,,101.272,15.5379,134.1748,91.7653,0.8348,0.0039,0.839,0.8296,125.7127,20.2,148.4419,100.8004,116.5693,12.2012,137.1435,101.594,141.007,20.4856,162.3485,107.7291,126.802,16.7165,158.1561,109.6296,150.6495,22.1245,177.4969,110.4744,118.3167,448.1171,837.7819,-453.5646,183.0396,462.8591,674.7739,-464.5522,-31.664,449.0997,682.7419,-550.621,1482.8009,10403.6561,14241.5762,-13250.8826,5.565,5.5348,13.8398,0.3232,2.9654,2.3844,6.9421,0.8002,31.4416,2.7802,35.4255,27.8944,31.4416,2.7802,35.4255,27.8944,19.8827,25.8011,73.6984,1.7215,166.7162,10.3311,177.3453,156.7115,130.2973,18.9367,158.3216,100.2704,0.8556,0.0191,0.8787,0.8262,127.7397,34.3453,165.2596,74.8193,126.5871,16.9838,140.4292,95.5791,142.5425,21.2766,158.7383,101.7977,118.8897,8.1535,131.2814,106.4016,147.5439,23.1664,176.9598,113.1737,-141.8265,306.9765,360.1433,-550.963,-44.7087,695.8849,695.9891,-1061.189,57.4193,521.1845,908.6018,-655.2628,1104.8301,14691.1244,21964.7264,-15564.3189,6.7338,5.8091,17.7117,2.1976,4.4992,2.2719,6.5483,0.8288,12.3128,9.0843,25.6798,1.1802,10.5405,11.4511,25.6798,-5.3168,22.2998,6.1814,29.4926,10.9897,150.0403,,150.0403,150.0403,167.3492,11.1031,177.5617,148.1783,0.8485,0.018,0.8658,0.8232,-0.0174,1.3789,8.0008,0.9139,7.1426,-72.0862,195.0458,-173.703,-4217.4815,5.0171,0.6064,-22.6642,-24.4364,-0.8584,,66.0772,0.0137,0.8584,24.4364,22.6642,15.9863,14.5112,,6.9421,231.9814,7.3115,232.0966,1.8052,front-right,0.8462
crop_MUn_Che_UCl__event_b9fe580984d44ae1a59c621c7a77983e__t0_4295,MUn_Che_UCl.mp4,b9fe580984d44ae1a59c621c7a77983e,right,right,post,6,0,20,Right,6,Not Guessed,Right Foot,1,173.5758,141.8162,160.087,98.2775,171.5668,490.4594,-53.5206,396.7117,-502.3432,2.6036,0.5917,14.7129,14.7129,3.3278,111.7576,,0.8066,170.6622,5.4687,174.8755,158.8147,107.8128,5.4266,118.3761,101.2595,159.0364,2.7543,163.1403,155.2672,132.5756,21.2516,155.8408,98.1425,167.2303,6.1111,175.5962,159.6981,-82.0948,39.814,-29.0051,-133.5278,-35.3238,83.5566,46.9257,-184.0355,1.048,105.8125,190.1659,-118.9602,-340.5105,1496.0954,2614.46,-2366.6883,1.573,0.8738,2.6566,0.5013,2.0101,0.8039,3.3976,1.3105,7.4829,2.3226,10.5218,4.5609,-7.4829,2.3226,-4.5609,-10.5218,15.961,1.6423,18.2183,14.3013,143.8115,18.7926,170.3626,115.206,,,,,0.7845,0.0074,0.7957,0.7736,154.8579,6.666,162.0431,147.118,134.0621,4.958,141.3967,127.1449,170.4151,5.2111,176.862,162.8925,102.7606,5.0192,108.0168,95.1039,144.2151,5.7572,152.0889,134.9195,-60.0471,55.1974,38.5948,-123.4146,11.9237,142.8412,224.0068,-157.342,49.9949,66.3079,135.3188,-11.8237,787.1372,2067.1447,3565.4688,-2280.7908,0.7835,0.4295,1.3213,0.1821,1.9625,1.0412,3.6827,0.6062,3.6108,2.5564,8.3911,0.7938,1.4668,4.3859,8.3911,-3.7007,15.7868,1.8082,18.3523,13.17,164.0386,11.8123,172.7427,144.5168,,,,,0.7683,0.014,0.7924,0.7542,173.7233,3.9645,177.7672,166.6482,140.8939,1.3831,142.9414,139.0931,160.2475,9.0997,169.962,144.2186,94.1203,3.0156,98.2775,91.7143,151.1246,11.0036,171.5668,140.1386,176.232,173.6125,490.4594,34.6457,36.4076,88.3031,143.688,-53.5206,13.18,231.9258,396.7117,-321.7936,-1030.8953,604.361,-348.6037,-2057.7431,1.9596,1.8118,4.7573,0.2668,0.9343,0.3236,1.4104,0.5399,12.618,1.8898,14.7129,9.4872,12.618,1.8898,14.7129,9.4872,8.3477,4.5011,13.8909,3.3278,154.2322,21.1338,166.462,111.7576,176.2103,0.239,176.3793,176.0413,0.8079,0.0053,0.8147,0.799,3.0611,33.0811,1.2111,-38.4553,-16.1057,258.3269,71.7314,12.132,-690.3848,0.3866,-1.0759,5.1351,20.1009,-7.6134,10.4206,,0.0234,7.6134,20.1009,5.1351,10.9498,15.2489,,3.6827,-279.6267,-9.275,279.7805,-178.1002,back-left,0.7858
crop_RAN_CEL_CUP__event_66effa92184f439cad75189c45d002c2__t0_9163,RAN_CEL_CUP.mp4,66effa92184f439cad75189c45d002c2,right,right,out,Out,0,20,Out,Out,Not Guessed,Right Foot,1,166.0596,139.3199,166.6988,117.2413,169.1694,411.5143,93.7832,-149.5567,-4496.2835,4.3079,6.8531,11.8043,-11.8043,16.9561,64.9992,150.3956,0.8684,171.3212,7.2062,177.0938,159.132,138.0964,4.4368,145.8566,131.4579,158.6166,1.9628,161.8076,156.6133,125.4897,11.841,150.6508,114.685,172.7042,3.201,176.9664,169.1508,-4.6321,91.992,76.7141,-155.3995,-81.0233,100.2182,17.8726,-216.1346,-11.0893,53.1854,62.8437,-103.9772,-1190.0358,982.9406,-75.2878,-2920.1967,1.984,1.2951,4.0917,0.5514,0.8449,0.5763,1.5053,0.1538,13.8215,0.3651,14.2063,13.1237,13.8215,0.3651,14.2064,13.1237,12.2115,0.5038,12.7785,11.4071,162.3529,5.8653,170.9441,156.3348,155.8878,5.2413,164.7065,151.0269,0.985,0.0111,0.9931,0.9637,98.9405,26.7091,148.932,76.631,151.1701,1.331,152.494,149.0462,128.5825,19.7775,162.6209,105.7495,136.8127,23.166,177.0083,116.4832,153.8349,4.7322,162.9242,149.3425,-60.6893,64.8482,19.2015,-156.3435,-183.2133,235.9973,200.2431,-406.3918,14.6454,215.7557,220.4369,-283.5969,1912.0764,2686.372,5963.9311,-2013.2655,1.7863,1.0206,2.8011,0.3024,1.2486,0.4167,1.6893,0.6825,8.1998,3.4156,12.4675,2.6728,8.1999,3.4157,12.4675,2.6728,18.7617,4.3364,24.8977,14.8165,166.3499,9.9478,177.1306,153.9671,172.1833,2.7819,175.4029,169.0871,0.8899,0.0236,0.936,0.871,128.7849,33.0371,166.0596,92.6504,134.2882,9.4023,147.1643,120.6026,154.7332,16.5176,172.6811,133.9155,115.6693,1.8953,117.671,112.6042,155.6709,7.0091,169.1694,149.461,116.6581,168.996,411.5143,-50.9533,334.1076,229.5447,623.855,93.7832,120.3401,196.5521,366.0797,-149.5567,-720.7229,5187.8106,5745.8282,-6625.8979,2.8972,1.4253,4.3079,0.9093,2.0538,2.4364,6.8531,0.1847,5.8763,4.727,11.8043,0.214,-5.8763,4.727,-0.2139,-11.8043,21.5116,4.4657,26.6806,15.6953,101.1917,46.4593,167.7744,64.2076,159.9872,6.2877,167.2958,150.3956,0.8786,0.0052,0.8818,0.8684,-42.5364,-3.8082,-3.8834,-9.8204,-17.0333,121.2902,415.1309,131.4294,469.313,0.9132,1.2089,-7.9451,-19.6978,9.3002,-61.1612,4.0994,-0.1064,9.3002,19.6978,7.9451,12.3144,9.2294,85.3964,6.8531,169.9576,45.2726,175.884,14.9159,front-right,0.9198
crop_RMA_MCI_UCL__event_73d929fa05dd435aa90df7f0224908f5__t0_9600,RMA_MCI_UCL.mp4,73d929fa05dd435aa90df7f0224908f5,right,right,saved,7,1,20,Left,7,Guessed,Right Foot,1,157.4672,166.5247,109.9226,141.0254,136.3251,-37.8002,397.9912,-276.2346,1273.4461,2.1584,4.9977,8.0453,-8.0454,31.7066,108.6254,141.708,0.8599,152.6576,12.3764,163.2919,133.3732,134.0345,13.5433,153.9259,118.2014,123.0343,6.2445,129.8253,110.9266,121.6818,4.004,126.5379,114.6746,164.0296,5.0309,170.7979,156.9634,-41.6566,67.2335,71.8155,-100.0061,-150.5961,141.3664,2.1437,-389.4959,63.6814,123.3709,223.4167,-65.4729,-1185.8903,1195.8551,308.4421,-2518.4131,1.0515,0.5475,2.0006,0.4836,2.1109,0.7703,2.9247,1.0325,12.7429,5.6474,19.5704,4.4201,12.7429,5.6474,19.5704,4.4201,12.96,7.1583,21.7296,1.8605,153.5613,19.4452,177.1106,125.7596,156.5019,1.5583,158.1665,154.5116,0.9691,0.0083,0.9822,0.9605,84.503,23.3853,108.9996,57.9921,172.7242,6.0742,177.0415,162.644,149.2954,17.9841,170.534,124.6458,94.9425,11.1615,111.3548,84.6193,166.1295,5.6874,172.4853,157.2446,21.6961,97.4136,166.5228,-110.0773,-210.0086,197.4768,107.2731,-443.5352,4.2867,422.6735,443.4097,-812.6727,2018.2293,4090.0637,6584.9686,-4257.5228,1.745,0.3278,2.14,1.2283,1.4777,0.9547,3.1221,0.6458,5.878,4.3471,12.1945,0.6676,-5.324,5.1124,1.9389,-12.1945,12.5878,8.3799,23.1307,1.6498,116.5571,20.0999,146.3564,87.0451,156.7984,2.4406,160.8854,154.2921,0.9508,0.0109,0.9607,0.9317,115.8881,34.6339,157.4672,66.6824,169.7071,2.0461,172.2966,166.5247,112.9318,14.7048,131.8951,95.3313,140.2294,6.2947,146.3331,131.705,148.5609,12.214,168.6249,136.3251,-137.3848,70.3321,-37.8002,-248.2944,429.5406,127.6197,611.9052,323.909,-87.8809,426.7228,434.5307,-731.4325,855.995,3670.0669,6307.9005,-3599.9525,3.5806,1.0472,4.7039,2.1584,3.9194,1.438,5.8498,1.6361,11.6975,2.6368,14.7035,8.0453,-11.6975,2.6368,-8.0454,-14.7035,32.8176,3.5233,38.1208,27.9998,63.0675,30.4936,108.6254,23.9035,149.0307,4.1897,153.1199,141.708,0.8816,0.0215,0.9154,0.8599,-36.7695,35.6726,-10.1025,18.5476,-15.4687,-95.7281,580.1367,-151.5623,2041.8853,2.5291,1.8086,-1.0454,-24.4404,19.8576,-90.4938,-7.4712,-0.0874,19.8576,24.4404,1.0454,15.1145,20.5284,33.0826,5.8498,237.8483,-0.9597,237.8502,-0.2312,back-right,0.9364
crop_WHU_BRE_FAC__event_553c56345d444425a353fc8422dae780__t0_3214,WHU_BRE_FAC.mp4,553c56345d444425a353fc8422dae780,right,right,goal,1,0,20,Left,1,Not Guessed,Right Foot,1,158.1363,171.7161,132.1772,162.8898,147.1942,-420.3289,1623.1762,-324.9825,13221.4913,5.8951,12.9469,9.6838,-9.6838,22.2453,,137.4393,0.8446,141.8463,18.1099,161.8987,117.9713,160.0917,7.3972,166.9741,150.6516,134.4724,16.2292,153.0785,105.4145,129.6844,13.1143,146.3966,109.4544,163.5327,12.5407,176.9948,147.9332,-162.2102,113.6262,24.6336,-274.0929,-134.8227,161.249,93.8431,-366.694,23.9148,338.6139,361.9313,-595.8001,288.8611,3270.0139,5756.7132,-2538.5535,1.6045,1.668,3.9982,0.1315,2.1051,1.2057,3.9957,0.501,19.0337,1.3922,21.1952,17.579,19.0337,1.3922,21.1952,17.579,2.9615,1.5701,4.887,0.6097,117.6813,9.2263,138.2348,112.1356,175.1173,2.2099,177.993,172.6564,0.876,0.0114,0.8865,0.8582,138.3439,10.2759,154.7818,125.4788,151.5539,17.1433,169.382,125.7869,133.3278,6.5228,142.013,124.9632,150.3693,13.4158,171.9376,132.5259,148.5439,11.3872,163.793,137.1067,100.643,129.0165,215.012,-135.3312,79.266,74.9444,183.8907,-14.3688,41.057,99.618,205.3982,-45.5086,-1781.0188,4521.8974,1445.9097,-11709.5494,1.9479,0.9042,3.3321,0.6023,1.5033,0.6056,2.528,0.8306,14.4601,1.4024,16.6848,12.1569,14.4601,1.4024,16.6848,12.1569,1.3976,0.9233,2.5593,0.0713,112.6377,20.1791,151.3471,87.8026,169.7094,2.1491,172.379,167.1034,0.8445,0.0083,0.8555,0.8343,92.5546,56.1859,158.1363,28.2822,174.5454,1.7843,176.4527,171.7161,141.2952,6.9162,150.7857,132.1772,161.0399,6.1719,169.7619,153.4694,164.5359,10.9678,175.9487,147.1942,-140.9815,170.874,78.362,-420.3289,-107.1082,1167.8591,1623.1762,-1142.9291,-66.3676,167.1312,117.3834,-324.9825,8886.1164,15589.6997,23162.2072,-14107.0032,6.5002,3.7783,13.8495,3.2155,5.8379,3.9384,12.9469,2.3856,8.7866,5.7095,17.1415,0.0,-6.4393,8.6883,7.0428,-17.1415,17.3842,9.7756,27.141,0.8607,112.0464,92.4754,174.193,5.7731,164.4391,13.8617,176.0292,137.4393,0.8509,0.0054,0.8604,0.8446,-49.2917,14.4537,6.8228,31.3555,1.0032,21.2287,27.7146,-90.2824,8597.2553,4.8957,3.7328,-10.2471,-25.4731,14.4227,-5.6349,-10.6782,-0.0251,14.4227,25.4731,10.2471,16.7143,14.207,,12.9469,299.1626,31.1972,300.7849,5.9534,front-right,0.8575
crop_WHU_BRE_FAC__event_677798ab842b425582f450df5d7e60a5__t0_6671,WHU_BRE_FAC.mp4,677798ab842b425582f450df5d7e60a5,right,right,goal,3,1,20,Right,3,Guessed,Right Foot,1,122.915,164.1621,123.6569,,140.2107,-67.5911,-55.0623,-234.2255,1639.6737,0.7552,0.1348,2.8964,2.8964,4.8429,143.0093,163.9655,0.8512,176.8281,0.7202,177.7608,176.1416,171.4373,2.9175,174.8114,166.2374,173.8862,4.0502,177.2913,165.4875,158.6032,11.3717,174.0722,140.558,174.6919,1.3232,176.4358,172.8677,0.2712,40.4982,33.9363,-72.1422,-8.3715,8.7252,3.7479,-16.9949,55.0614,96.3082,237.4702,-34.3586,80.6129,164.8908,259.285,-94.9264,1.0328,0.4209,1.3384,0.1949,1.1312,0.1648,1.358,0.9475,6.4183,1.0037,7.7932,5.2237,-6.4183,1.0037,-5.2237,-7.7932,10.1558,0.4664,11.1096,9.5569,,,,,,,,,0.7358,0.0052,0.742,0.7287,175.1577,2.1587,177.2604,171.8222,171.4769,2.31,175.7719,168.9447,166.417,6.8054,175.0192,156.3365,134.244,33.4261,172.6474,77.1405,161.7434,5.8532,170.0369,155.0222,-57.0448,42.8271,20.5656,-97.4922,-15.8009,23.3307,8.074,-46.3089,-37.3958,108.1003,129.4687,-166.5829,-183.7178,532.875,679.7862,-865.2854,1.3499,0.9456,2.861,0.1378,1.6883,0.4034,2.1245,1.2147,4.2933,0.7416,5.0227,3.1664,-4.2933,0.7416,-3.1664,-5.0226,10.3697,0.9186,11.6638,8.5981,107.3581,4.949,113.0034,102.976,,,,,0.7464,0.0175,0.7725,0.7255,142.9054,20.8196,172.4681,122.915,171.4194,4.9478,174.611,164.1621,144.7312,16.6333,164.6748,123.6569,148.465,20.734,172.3145,124.7105,149.5862,6.9682,157.4176,140.2107,-72.3377,46.235,8.2373,-124.0894,-212.646,152.4749,-55.0623,-406.2225,-194.6333,105.0761,-38.2212,-357.3896,120.4636,3594.4386,3464.9765,-5178.7066,1.6644,1.885,5.1971,0.2536,0.3806,0.3871,1.0999,0.1348,1.8721,0.9839,2.8964,0.3386,-0.7937,2.1018,2.8964,-2.6496,6.728,1.3451,7.9898,4.8429,130.6476,10.9254,143.0093,116.3617,167.9803,4.3969,174.2507,163.9655,0.8171,0.0246,0.8512,0.7862,-33.9227,-0.0179,-29.155,-10.1382,-25.1057,-72.6089,-204.2745,-249.6947,39.8507,0.6316,-0.7506,-4.5462,5.6246,-3.4278,,,0.0813,3.4278,5.6246,4.5462,4.5329,3.0345,20.9562,2.1245,-148.9101,-21.6866,150.481,-171.714,back-left,0.7639
crop_WHU_LUN_FAC__event_e2100d4d445e493f8c41c489873ce8a2__t0_11083,WHU_LUN_FAC.mp4,e2100d4d445e493f8c41c489873ce8a2,right,right,goal,1,1,20,Left,1,Guessed,Right Foot,1,156.3591,128.694,167.0622,116.4086,138.2196,-922.0764,965.8119,542.2203,19771.7667,14.0446,1.4254,2.6986,-2.6986,0.1267,144.8092,,0.6848,154.5541,20.8559,174.2444,121.6196,131.7015,12.1238,144.3729,106.5766,146.7675,14.9766,161.5253,124.3594,125.5556,22.405,155.8962,94.5188,150.9846,16.9943,166.5105,124.2195,-153.6929,113.3112,-13.1912,-299.926,-96.9483,276.3642,128.8989,-657.8101,-34.7257,271.9422,492.7357,-336.512,123.164,5970.377,9833.8628,-8854.5644,2.2147,2.9987,8.5793,0.0731,2.6206,1.1432,4.6971,1.2636,25.4587,5.5986,31.723,16.2549,-25.4587,5.5986,-16.2549,-31.723,6.3901,2.3652,9.1227,2.5151,,,,,,,,,0.7067,0.0045,0.71,0.6972,161.575,8.064,173.4213,150.3189,147.7132,14.2972,168.72,123.3603,161.9067,8.4347,171.6942,151.5463,134.5145,17.3567,158.4647,114.1007,138.702,20.384,167.5243,121.5183,174.6754,188.4955,500.6539,-33.7646,115.1328,163.539,368.9451,-74.6716,84.5658,163.6055,321.0236,-125.1289,-938.682,4111.5312,3209.6028,-5545.2085,2.3232,1.3157,4.2437,0.53,2.0223,1.5246,4.8774,0.2666,26.214,4.9774,31.4011,20.3648,-26.214,4.9774,-20.3648,-31.4011,12.3066,2.7267,16.1005,7.7435,174.3595,,174.3595,174.3595,4.4825,0.3258,4.7129,4.2522,0.6984,0.006,0.7062,0.6911,145.778,19.4632,174.6936,117.7266,130.0347,7.2788,135.6191,116.0752,154.0762,12.8412,168.7078,135.7788,123.5583,12.7152,138.9848,109.7575,165.057,15.9554,177.7744,138.2196,-246.8596,410.2375,84.3838,-922.0764,6.7411,521.5531,965.8119,-506.5119,32.1068,343.2076,542.2203,-273.3238,6127.492,9656.2162,19771.7667,-7358.3734,4.7722,4.7439,14.0446,0.6659,4.0498,2.0317,6.742,1.4254,11.9686,6.8272,18.7315,2.6986,-11.9686,6.8272,-2.6986,-18.7315,4.6453,3.9417,10.1425,0.1267,159.29,12.7442,176.8837,144.8092,,,,,0.6987,0.0102,0.7135,0.6848,-8.7761,-1.6668,7.3087,-1.9974,14.0723,-93.1667,103.6894,66.8326,6004.328,2.5575,1.4291,-13.4901,13.4901,-1.7448,,,-0.0079,1.7448,13.4901,13.4901,9.575,13.8859,,6.742,-147.5214,5.2581,147.6151,177.9587,front-left,0.7014
